{
  "modules": [
    {
      "moduleName": "Circular dendrogram",
      "url": "modules/types/chart/statistics/dendrogram/"
    },
    {
      "moduleName": "Parallel coordinates",
      "url": "modules/types/chart/statistics/parallel_coordinates/"
    },
    {
      "moduleName": "Phylogram",
      "url": "modules/types/chart/statistics/phylogram/"
    },
    {
      "moduleName": "Score plot",
      "url": "modules/types/chart/statistics/loading_plot/"
    },
    {
      "moduleName": "Word cloud",
      "url": "modules/types/chart/statistics/wordcloud/"
    }
  ],
  "name": "Statistics",
  "folders": []
}