{
  "modules": [
    {
      "moduleName": "Edit/Display",
      "url": "modules/types/edition/dualview/",
      "hidden": true
    },
    {
      "moduleName": "Filter editor",
      "url": "modules/types/edition/filter_editor/"
    },
    {
      "moduleName": "JSON object editor",
      "url": "modules/types/edition/object_editor/"
    },
    {
      "moduleName": "Onde form",
      "url": "modules/types/edition/onde/"
    },
    {
      "moduleName": "Rich text editor",
      "url": "modules/types/edition/rich_text/"
    },
    {
      "moduleName": "Quill text editor",
      "url": "modules/types/edition/quill_editor/"
    },
    {
      "moduleName": "Simple Form",
      "url": "modules/types/edition/form_simple/"
    },
    {
      "moduleName": "Slick Grid",
      "url": "modules/types/edition/slick_grid/"
    },
    {
      "moduleName": "SVG Editor",
      "url": "modules/types/edition/svg_editor/"
    },
    {
      "moduleName": "Templated form",
      "url": "modules/types/edition/form/"
    }
  ],
  "name": "Edition",
  "folders": []
}
