{
  "modules": [
    {
      "moduleName": "3D scatter plot",
      "url": "modules/types/chart/basic/scatter3D/"
    },
    {
      "moduleName": "Pie chart",
      "url": "modules/types/chart/basic/pie_chart/"
    },
    {
      "moduleName": "Pie chart jit",
      "url": "modules/types/chart/basic/pie_chart_jit/"
    },
    {
      "moduleName": "Radar chart",
      "url": "modules/types/chart/basic/radar_chart/"
    },
    {
      "moduleName": "Stack chart",
      "url": "modules/types/chart/basic/stack_chart/"
    }
  ],
  "name": "Basic",
  "folders": []
}