{
  "modules": [
    {
      "moduleName": "Display value",
      "url": "modules/types/display/single_value/"
    },
    {
      "moduleName": "Hierarchical structure",
      "url": "modules/types/display/fancytree/"
    },
    {
      "moduleName": "Iframe",
      "url": "modules/types/display/iframe/"
    },
    {
      "moduleName": "Panzoom",
      "url": "modules/types/display/panzoom/"
    },
    {
      "moduleName": "Progress bar",
      "url": "modules/types/display/progress/"
    },
    {
      "moduleName": "Sticky note",
      "url": "modules/types/display/postit/",
      "hidden": true
    },
    {
      "moduleName": "Table",
      "url": "modules/types/display/jqgrid/"
    },
    {
      "moduleName": "Table (fast)",
      "url": "modules/types/display/fasttable/"
    },
    {
      "moduleName": "Twig template",
      "url": "modules/types/display/template-twig/"
    },
    {
      "moduleName": "Two dimensional list",
      "url": "modules/types/display/2d_list_fast/"
    },
    {
      "moduleName": "Two dimensional list (old)",
      "url": "modules/types/display/2d_list/",
      "hidden": true
    }
  ],
  "name": "Display",
  "folders": []
}